{
  "createdUtc": "2026-05-20T16:25:14Z",
  "inputs": {
    "original": {
      "path": "D:\\Pruebas\\2_mosaic\\Mompos_2026_mosaic_group1.tif",
      "exists": true,
      "bytes": 692440210,
      "driver": "GTiff",
      "width": 25750,
      "height": 27193,
      "count": 3,
      "dtypes": [
        "uint8",
        "uint8",
        "uint8"
      ],
      "crs": "EPSG:3116",
      "transform": [
        0.022070000000000003,
        0.0,
        962335.0581900001,
        0.0,
        -0.022070000000000003,
        1513161.81927,
        0.0,
        0.0,
        1.0
      ],
      "bounds": [
        962335.0581900001,
        1512561.6697600002,
        962903.3606900001,
        1513161.81927
      ],
      "nodatavals": [
        null,
        null,
        null
      ],
      "colorinterp": [
        "3",
        "4",
        "5"
      ],
      "is_tiled": false,
      "block_shapes": [
        [
          1,
          25750
        ],
        [
          1,
          25750
        ],
        [
          1,
          25750
        ]
      ],
      "open_ms": 15
    },
    "transparent": {
      "path": "D:\\Pruebas\\2_mosaic\\Mompos_2026_transparent_mosaic_group1.tif",
      "exists": true,
      "bytes": 799705444,
      "driver": "GTiff",
      "width": 25750,
      "height": 27193,
      "count": 4,
      "dtypes": [
        "uint8",
        "uint8",
        "uint8",
        "uint8"
      ],
      "crs": "EPSG:3116",
      "transform": [
        0.022070000000000003,
        0.0,
        962335.0581900001,
        0.0,
        -0.022070000000000003,
        1513161.81927,
        0.0,
        0.0,
        1.0
      ],
      "bounds": [
        962335.0581900001,
        1512561.6697600002,
        962903.3606900001,
        1513161.81927
      ],
      "nodatavals": [
        null,
        null,
        null,
        null
      ],
      "colorinterp": [
        "3",
        "4",
        "5",
        "6"
      ],
      "is_tiled": false,
      "block_shapes": [
        [
          1,
          25750
        ],
        [
          1,
          25750
        ],
        [
          1,
          25750
        ],
        [
          1,
          25750
        ]
      ],
      "open_ms": 1
    }
  },
  "variants": {
    "original": {
      "path": "D:\\Pruebas\\2_mosaic\\Mompos_2026_mosaic_group1.tif",
      "exists": true,
      "bytes": 692440210,
      "driver": "GTiff",
      "width": 25750,
      "height": 27193,
      "count": 3,
      "dtypes": [
        "uint8",
        "uint8",
        "uint8"
      ],
      "crs": "EPSG:3116",
      "transform": [
        0.022070000000000003,
        0.0,
        962335.0581900001,
        0.0,
        -0.022070000000000003,
        1513161.81927,
        0.0,
        0.0,
        1.0
      ],
      "bounds": [
        962335.0581900001,
        1512561.6697600002,
        962903.3606900001,
        1513161.81927
      ],
      "nodatavals": [
        null,
        null,
        null
      ],
      "colorinterp": [
        "3",
        "4",
        "5"
      ],
      "is_tiled": false,
      "block_shapes": [
        [
          1,
          25750
        ],
        [
          1,
          25750
        ],
        [
          1,
          25750
        ]
      ],
      "open_ms": 1,
      "prepare_ms": 1
    },
    "geotiff_embedded": {
      "path": "D:\\Repositorios\\Proyecto-de-Grado\\.raster-matrix\\Mompos_2026_mosaic_group1_embedded.tif",
      "exists": true,
      "bytes": 1406506885,
      "driver": "GTiff",
      "width": 25750,
      "height": 27193,
      "count": 3,
      "dtypes": [
        "uint8",
        "uint8",
        "uint8"
      ],
      "crs": "EPSG:3116",
      "transform": [
        0.022070000000000003,
        0.0,
        962335.0581900001,
        0.0,
        -0.022070000000000003,
        1513161.81927,
        0.0,
        0.0,
        1.0
      ],
      "bounds": [
        962335.0581900001,
        1512561.6697600002,
        962903.3606900001,
        1513161.81927
      ],
      "nodatavals": [
        null,
        null,
        null
      ],
      "colorinterp": [
        "3",
        "4",
        "5"
      ],
      "is_tiled": true,
      "block_shapes": [
        [
          512,
          512
        ],
        [
          512,
          512
        ],
        [
          512,
          512
        ]
      ],
      "open_ms": 2,
      "prepare_ms": 2
    },
    "reduced": {
      "path": "D:\\Repositorios\\Proyecto-de-Grado\\.raster-matrix\\Mompos_2026_mosaic_group1_reduced.tif",
      "exists": true,
      "bytes": 16801868,
      "driver": "GTiff",
      "width": 3878,
      "height": 4096,
      "count": 3,
      "dtypes": [
        "uint8",
        "uint8",
        "uint8"
      ],
      "crs": "EPSG:3116",
      "transform": [
        0.14654525528623003,
        0.0,
        962335.0581900001,
        0.0,
        -0.14652087646484377,
        1513161.81927,
        0.0,
        0.0,
        1.0
      ],
      "bounds": [
        962335.0581900001,
        1512561.6697600002,
        962903.3606900001,
        1513161.81927
      ],
      "nodatavals": [
        null,
        null,
        null
      ],
      "colorinterp": [
        "3",
        "4",
        "5"
      ],
      "is_tiled": true,
      "block_shapes": [
        [
          512,
          512
        ],
        [
          512,
          512
        ],
        [
          512,
          512
        ]
      ],
      "open_ms": 2,
      "prepare_ms": 2
    },
    "no_alpha": {
      "path": "D:\\Repositorios\\Proyecto-de-Grado\\.raster-matrix\\Mompos_2026_transparent_mosaic_group1_rgb.tif",
      "exists": true,
      "bytes": 16787652,
      "driver": "GTiff",
      "width": 3878,
      "height": 4096,
      "count": 3,
      "dtypes": [
        "uint8",
        "uint8",
        "uint8"
      ],
      "crs": "EPSG:3116",
      "transform": [
        0.14654525528623003,
        0.0,
        962335.0581900001,
        0.0,
        -0.14652087646484377,
        1513161.81927,
        0.0,
        0.0,
        1.0
      ],
      "bounds": [
        962335.0581900001,
        1512561.6697600002,
        962903.3606900001,
        1513161.81927
      ],
      "nodatavals": [
        null,
        null,
        null
      ],
      "colorinterp": [
        "3",
        "4",
        "5"
      ],
      "is_tiled": true,
      "block_shapes": [
        [
          512,
          512
        ],
        [
          512,
          512
        ],
        [
          512,
          512
        ]
      ],
      "open_ms": 2,
      "prepare_ms": 2
    },
    "cog": {
      "path": "D:\\Repositorios\\Proyecto-de-Grado\\.raster-matrix\\Mompos_2026_mosaic_group1_cog.tif",
      "exists": true,
      "bytes": 28116693,
      "driver": "GTiff",
      "width": 3878,
      "height": 4096,
      "count": 3,
      "dtypes": [
        "uint8",
        "uint8",
        "uint8"
      ],
      "crs": "EPSG:3116",
      "transform": [
        0.14654525528623003,
        0.0,
        962335.0581900001,
        0.0,
        -0.14652087646484377,
        1513161.81927,
        0.0,
        0.0,
        1.0
      ],
      "bounds": [
        962335.0581900001,
        1512561.6697600002,
        962903.3606900001,
        1513161.81927
      ],
      "nodatavals": [
        null,
        null,
        null
      ],
      "colorinterp": [
        "3",
        "4",
        "5"
      ],
      "is_tiled": true,
      "block_shapes": [
        [
          512,
          512
        ],
        [
          512,
          512
        ],
        [
          512,
          512
        ]
      ],
      "open_ms": 2,
      "prepare_ms": 2
    },
    "reprojected_4326": {
      "path": "D:\\Repositorios\\Proyecto-de-Grado\\.raster-matrix\\Mompos_2026_mosaic_group1_4326.tif",
      "exists": true,
      "bytes": 15772899,
      "driver": "GTiff",
      "width": 3895,
      "height": 4087,
      "count": 3,